movie_title,movie_summary,release_date,genres,indicative_rating,running_time,domestic_gross,international_gross,total_gross,domestic_opening,domestic_distributor
Spider-Man: No Way Home (2021),"With Spider-Man's identity now revealed, Peter asks Doctor Strange for help. When a spell goes wrong, dangerous foes from other worlds start to appear.",2021-12-15,Action Adventure Fantasy Sci-Fi,PG-13,148,814866759.0,1106533944.0,1921426073,260138569.0,Sony Pictures Releasing
The Battle at Lake Changjin (2021),"In the fierce battlefield in the midst of the harsh weather conditions, Wu Qian Li and Wu Wan Li, two brothers soldier including the brave Chinese soldiers must fight together and find a way to cope with the invasion of US forces.",2021-10-01,Action Drama History War,,176,342411.0,902206065.0,902548476,105768.0,CMC Pictures
"Hi, Mom (2021)",A woman travels back in time to befriend her own mother in an attempt to make her life better.,2021-02-12,Comedy Drama Fantasy,,128,,822009764.0,822009764,,
No Time to Die (2021),"James Bond has left active service. His peace is short-lived when Felix Leiter, an old friend from the CIA, turns up asking for help, leading Bond onto the trail of a mysterious villain armed with dangerous new technology.",2021-09-29,Action Adventure Thriller,PG-13,163,160891007.0,613262000.0,774153007,55225007.0,Metro-Goldwyn-Mayer (MGM)
F9: The Fast Saga (2021),Dom and the crew must take on an international terrorist who turns out to be Dom and Mia's estranged brother.,2021-05-19,Action Crime Thriller,PG-13,143,173005945.0,553223556.0,726229501,70043165.0,Universal Pictures
Detective Chinatown 3 (2021),A major crime occurs in Tokyo when detectives Tang Ren and Qin Feng are invited to investigate the crime. A battle between the strongest detectives in Asia is about to break out with bursts of laughter.,2021-02-12,Action Adventure Comedy Mystery,R,136,,686257563.0,686257563,,Warner Bros.
Venom: Let There Be Carnage (2021),"Eddie Brock attempts to reignite his career by interviewing serial killer Cletus Kasady, who becomes the host of the symbiote Carnage and escapes prison after a failed execution.",2021-09-30,Action Sci-Fi Thriller,PG-13,97,213550366.0,293263498.0,506813864,90033210.0,Sony Pictures Releasing
Godzilla vs. Kong (2021),The epic next chapter in the cinematic Monsterverse pits two of the greatest icons in motion picture history against each other--the fearsome Godzilla and the mighty Kong--with humanity caught in the balance.,2021-03-24,Action Sci-Fi Thriller,PG-13,113,100916094.0,369200000.0,470116094,31625971.0,Warner Bros.
Shang-Chi and the Legend of the Ten Rings (2021),"Shang-Chi, the master of weaponry-based Kung Fu, is forced to confront his past after being drawn into the Ten Rings organization.",2021-09-01,Action Adventure Fantasy Sci-Fi,PG-13,132,224543292.0,207700000.0,432243292,75388688.0,Walt Disney Studios Motion Pictures
Sing 2 (2021),Buster Moon and his friends must persuade reclusive rock star Clay Calloway to join them for the opening of a new show.,2021-12-02,Adventure Animation Comedy Family Musical,PG,110,162790990.0,245611695.0,408402685,22326230.0,Universal Pictures
Dune: Part One (2021),"Paul Atreides arrives on Arrakis after his father accepts the stewardship of the dangerous planet. However, chaos ensues after a betrayal as forces clash to control melange, a precious resource.",2021-09-15,Action Adventure Drama Sci-Fi,PG-13,155,108897830.0,301770188.0,410668018,41011174.0,Warner Bros.
Eternals (2021),"The saga of the Eternals, a race of immortal beings who lived on Earth and shaped its history and civilizations.",2021-11-03,Action Adventure Fantasy Sci-Fi,PG-13,156,164870234.0,237194665.0,402064899,71297219.0,Walt Disney Studios Motion Pictures
Black Widow (2021),Natasha Romanoff confronts the darker parts of her ledger when a dangerous conspiracy with ties to her past arises.,2021-07-07,Action Adventure Sci-Fi,PG-13,134,183651655.0,196100000.0,379751655,80366312.0,Walt Disney Studios Motion Pictures
Free Guy (2021),"When Guy, a bank teller, learns that he is a non-player character in a bloodthirsty, open-world video game, he goes on to become the hero of the story and takes the responsibility of saving the world.",2021-08-11,Action Adventure Comedy Fantasy Romance Sci-Fi,PG-13,115,121626598.0,209900000.0,331526598,28365416.0,20th Century Studios
A Quiet Place Part II (2020),"Following the events at home, the Abbott family now face the terrors of the outside world. Forced to venture into the unknown, they realize the creatures that hunt by sound are not the only threats lurking beyond the sand path.",2021-05-26,Drama Horror Sci-Fi Thriller,PG-13,97,160072261.0,137300000.0,297372261,47547231.0,Paramount Pictures
Encanto (2021),"An extraordinary family, the Madrigals, live hidden in the mountains of Colombia, in a magical house called an Encanto. The magic of the Encanto has blessed every child in the family with a unique gift - every child except one, Mirabel.",2021-11-24,Animation Comedy Family Fantasy Musical,PG,102,96093622.0,165199066.0,261292688,27206494.0,Walt Disney Studios Motion Pictures
Cruella (2021),"During the 1970s London punk rock revolution, young grifter Estella transforms herself into the raucous, revenge-bent Cruella de Vil.",2021-05-26,Adventure Comedy Crime Drama,PG-13,134,86103234.0,147400000.0,233503234,21496997.0,Walt Disney Studios Motion Pictures
"My Country, My Parents (2021)","Included as the third installment of ""National Day Celebration"" trilogy with My People, My Country (2019) and My People, My Homeland (2020), My Country, My Parents focuses on four Chinese families in four different eras. Combined with 4 stories, through the perspective of ""home"" and ""country"", representing several generations of our predecessors' dedication and sacrifice. The whole movie bring back the audiences to the collective memories of our country, as well as the ordinary and great parental affection between every generation.",2021-09-30,Drama,,157,177133.0,221653953.0,221831086,75302.0,CMC Pictures
Jungle Cruise (2021),Based on Disneyland's theme park ride where a small riverboat takes a group of travelers through a jungle filled with dangerous animals and reptiles but with a supernatural element.,2021-07-28,Action Adventure Comedy Fantasy,PG-13,127,116987516.0,103901930.0,220889446,35018731.0,Walt Disney Studios Motion Pictures
The Conjuring: The Devil Made Me Do It (2021),"Arne Cheyenne Johnson stabs and murders his landlord, claiming to be under demonic possession while Ed and Lorraine Warren investigate the case and try to prove his innocence.",2021-05-26,Horror Mystery Thriller,R,112,65631050.0,140800000.0,206431050,24104332.0,Warner Bros.
Raging Fire (2021),"Bong is a hardline cop with a long history of success, but his past comes back to haunt him when a sting is attacked by a group led by his former protégé, a man set on destroying everyone who ever wronged him.",2021-07-30,Action Adventure Crime Mystery Thriller,,126,385305.0,205457088.0,205842393,101926.0,Well Go USA Entertainment
Ghostbusters: Afterlife (2021),"When a single mom and her two kids arrive in a small town, they begin to discover their connection to the original Ghostbusters and the secret legacy their grandfather left behind.",2021-11-18,Adventure Comedy Fantasy Sci-Fi,PG-13,124,129471867.0,74973880.0,204445747,44008406.0,Sony Pictures Releasing
Chinese Doctors (2021),"A group of doctors at a hospital in Wuhan, China are the first in the world to deal with a new disease, COVID-19.",2021-07-09,Drama,,129,,197143218.0,197143218,,
Cliff Walkers (2021),"In the puppet state of Manchukuo in the 1930s, four Communist party special agents, after returning to China, embark on a secret mission. Sold out by a traitor, the team find themselves surrounded by threats on all sides.",2021-04-29,Crime Drama Thriller,,120,152972.0,181172593.0,181325565,53142.0,CMC Pictures
The Suicide Squad (2021),"Supervillains Harley Quinn, Bloodsport, Peacemaker, and a collection of nutty cons at Belle Reve prison join the super-secret, super-shady Task Force X as they are dropped off at the remote, enemy-infused island of Corto Maltese.",2021-05-08,Action Adventure Comedy Sci-Fi,R,132,55817425.0,112900000.0,168717425,26205415.0,Warner Bros.
Jujutsu Kaisen 0 (2021),"The prequel to Jujutsu Kaisen, where a high schooler gains control of an extremely powerful cursed spirit and gets enrolled in the Tokyo Prefectural Jujutsu High School by Jujutsu Sorcerers.",2021-12-24,Action Animation Fantasy,PG-13,105,34542754.0,132117111.0,166659865,18009921.0,Crunchyroll
Space Jam: A New Legacy (2021),"A rogue artificial intelligence kidnaps the son of famed basketball player LeBron James, who then has to work with the Looney Tunes to win a basketball game.",2021-07-10,Adventure Animation Comedy Family Fantasy Sci-Fi Sport,PG,115,70592228.0,93100000.0,163692228,31053362.0,Warner Bros.
The Matrix Resurrections (2021),"Return to a world of two realities: one, everyday life; the other, what lies behind it. To find out if his reality is a construct, to truly know himself, Mr. Anderson will have to choose to follow the white rabbit once more.",2021-12-10,Action Sci-Fi,R,148,37686805.0,119700000.0,157386805,10749011.0,Warner Bros.
Peter Rabbit 2: The Runaway (2021),"Thomas and Bea are now married and living with Peter and his rabbit family. Bored of life in the garden, Peter goes to the big city, where he meets shady characters and ends up creating chaos for the whole family.",2021-03-26,Adventure Animation Comedy Drama Family Fantasy,PG,93,40501717.0,113400000.0,153901717,10101066.0,Sony Pictures Releasing
House of Gucci (2021),"When Patrizia Reggiani, an outsider from humble beginnings, marries into the Gucci family, her unbridled ambition begins to unravel their legacy and triggers a reckless spiral of betrayal, decadence, revenge, and ultimately...murder.",2021-11-24,Biography Crime Drama,R,158,53809574.0,99459587.0,153269161,14423794.0,United Artists Releasing
A Writer's Odyssey (2021),"Six years after the abduction of his daughter, a man is hired to kill the author of a fantasy novel, but the world of the novel seems to intersect with reality.",2021-01-12,Action Adventure Fantasy Mystery,,130,160013.0,149963307.0,150123320,53019.0,CMC Pictures
The Boss Baby 2: Family Business (2021),"The Templeton brothers have become adults and drifted away from each other, but a new boss baby with a cutting-edge approach is about to bring them together again - and inspire a new family business.",2021-07-01,Adventure Animation Comedy Family Fantasy,PG,107,57300280.0,89445000.0,146745280,16000665.0,Universal Pictures
PAW Patrol: The Movie (2021),Ryder and the PAW Patrol pups are called to Adventure City in order to stop the recently-elected Mayor Humdinger from wreaking havoc.,2021-08-11,Action Adventure Animation Comedy Crime Family Fantasy Sci-Fi,G,86,40127371.0,104200000.0,144327371,13148340.0,Paramount Pictures
Tom & Jerry (2021),"A chaotic battle ensues between Jerry Mouse, who has taken refuge in the Royal Gate Hotel, and Tom Cat, who is hired to drive him away before the day of a big wedding arrives.",2021-02-11,Adventure Animation Comedy Family Fantasy,PG,101,46536687.0,90000000.0,136536687,14112629.0,Warner Bros.
Be Somebody (2021),A group of filmmakers are gathered in a dark and windy night for preparation of shooting a film based on a sensational murder case. It's unrealized that they are placed in the real crime scene and the true murderer is among them.,2021-11-11,Comedy Drama Mystery,,123,,132326332.0,132326332,,
Halloween Kills (2021),Surviving victims of Michael Myers form a vigilante mob and vow to end his reign of terror.,2021-10-13,Action Drama Horror Thriller,R,105,92002155.0,41421809.0,133423964,49404980.0,Universal Pictures
Raya and the Last Dragon (2021),"In a realm known as Kumandra, a re-imagined Earth inhabited by an ancient civilization, a warrior named Raya is determined to find the last dragon.",2021-03-03,Action Adventure Animation Comedy Drama Family Fantasy,PG,107,54723032.0,75700000.0,130423032,8502498.0,Walt Disney Studios Motion Pictures
Sister (2021),A girl who has lost her parents is facing the issue of pursuing an independent life or raising her younger brother.,2021-04-02,Drama,,127,,128317206.0,128317206,,
The King's Man (2021),"In the early years of the 20th century, the Kingsman agency is formed to stand against a cabal plotting a war to wipe out millions of people.",2021-12-22,Action Adventure Thriller,R,131,37176373.0,88721105.0,125897478,5915542.0,20th Century Studios
The Addams Family 2 (2021),Morticia and Gomez are distraught that Wednesday and Pugsley are growing up. To reclaim their bond they decide to cram the family into their haunted camper and hit the road for one last vacation together.,2021-10-01,Adventure Animation Comedy Family Fantasy Horror Mystery,PG,93,56489153.0,63326000.0,119815153,17325007.0,United Artists Releasing
My Love (2021),"During high school, Zhou Xiaoqi fell in love with You Yongci at first sight, but he watched over her secretly and the girl left without saying goodbye. Now it is 15 years later and he still pines for her.",2021-04-30,Comedy Romance,,115,86252.0,116634669.0,116720921,29432.0,CMC Pictures
Clifford the Big Red Dog (2021),A young girl's love for a tiny puppy named Clifford makes the dog grow to an enormous size.,2021-11-10,Adventure Comedy Family Fantasy,PG,96,48947356.0,66994008.0,115941364,16627491.0,Paramount Pictures
Wrath of Man (2021),A mysteriously stoic character is hired as a security guard by a cash truck company responsible for transporting a lot of money around Los Angeles each week.,2021-04-22,Action Crime Thriller,R,119,27466489.0,76500000.0,103966489,8309007.0,United Artists Releasing
Detective Conan: The Scarlet Bullet (2021),Japan is celebrating the upcoming World Sports Games in Tokyo. The world's first vacuum-tube super-conducting linear train is built with the latest Japanese technology and timed to coincide with the WSG opening ceremonies.,2021-04-16,Action Animation Crime Mystery Romance Thriller,,110,,95371578.0,95371578,,
Evangelion: 3.0+1.01 Thrice Upon a Time (2021),"Misato and her anti-NERV group WILLE arrive in Paris, a city now red from core-ization. Crew from the flagship Wunder land on a containment tower.",2021-03-08,Action Animation Drama Sci-Fi,,155,810744.0,93071709.0,93882453,320631.0,Fathom Events
End Game (2021),"When an assassin loses his memory, an unsuccessful actor exchanges identities with him.",2021-02-12,Action Comedy Crime Drama Romance,,119,23149.0,91801812.0,91824961,11858.0,CMC Pictures
Old (2021),"A vacationing family discovers that the secluded beach where they're relaxing for a few hours is somehow causing them to age rapidly, reducing their entire lives into a single day.",2021-07-21,Drama Mystery Thriller,PG-13,108,48276510.0,41870000.0,90146510,16854735.0,Universal Pictures
Mortal Kombat (2021),MMA fighter Cole Young seeks out Earth's greatest champions in order to stand against the enemies of Outworld in a high stakes battle for the universe.,2021-04-08,Action Adventure Fantasy Sci-Fi Thriller,R,110,42326031.0,42100000.0,84426031,23302503.0,Warner Bros.
Boonie Bears: The Wild Life (2020),"Genetics have never been so hilarious. A thrilling new place opens on Pine Tree Mountain, ""Wild Land"", that offers a legendary experience. By wearing a gene-altering bracelet, guests can transform themselves into a variety of animals. Vick discovers that Wild life is hosting a competition with a massive grand prize and decides to enter. He teams up with Bramble and a mysterious man named Leon, astonishingly winning the tournament. Soon afterwards, Leon is caught trying to secretly copy the park data by the owner, Tom, and Vick discovers that hybrid guests are going feral and attacking others - Who is the mysterious Leon? Is Tom the mastermind Vick has to fight?",2021-02-11,Animation,,99,,78132231.0,78132231,,
Candyman (2021),A sequel to the horror film Candyman that returns to the now-gentrified Chicago neighborhood where the legend began.,2021-08-26,Horror Thriller,R,91,61186570.0,16225000.0,77411570,22001750.0,Universal Pictures
The Forever Purge (2021),All the rules are broken as a sect of lawless marauders decides that the annual Purge does not stop at daybreak and instead should never end.,2021-07-01,Action Crime Drama Horror Thriller Western,R,103,44539245.0,32455000.0,76994245,12551220.0,Universal Pictures
West Side Story (2021),"When young Tony and Maria fall in love in 1957 New York City, their romance helps to fuel the fire between the warring Jets and Sharks, two rival gangs vying for control of the streets.",2021-12-08,Crime Drama Musical Romance,PG-13,156,38530322.0,37485849.0,76016171,10574618.0,20th Century Studios
1921 (2021),"The film will be about the establishment and creation of the Communist Party of China (CPC), which is now commonly known as the Chinese Communist Party (CCP), 100 years ago.",2021-06-25,Drama,,138,,75159828.0,75159828,,
Hitman's Wife's Bodyguard (2021),"The bodyguard, Michael Bryce, continues his friendship with assassin, Darius Kincaid, as they try to save Darius' wife Sonia.",2021-06-16,Action Comedy Crime Romance Thriller,R,100,38014727.0,32079386.0,70094113,11397820.0,Lionsgate
Escape Room: Tournament of Champions (2021),"Six people unwillingly find themselves locked in another series of escape rooms, slowly uncovering what they have in common to survive. Joining forces with two of the original survivors, they soon discover they've all played the game before.",2021-07-01,Action Adventure Horror Mystery Sci-Fi Thriller,PG-13,88,25314753.0,40459737.0,65774490,8801391.0,Sony Pictures Releasing
Belle (2021),Teen Suzu embarks on an epic quest to uncover the identity of a mysterious beast in a virtual world.,2021-07-16,Adventure Animation Drama Family Fantasy Music Musical Sci-Fi,PG,121,4018313.0,60661517.0,64679830,1565658.0,GKIDS
Ron's Gone Wrong (2021),"The story of Barney, an awkward middle-schooler and Ron, his new walking, talking, digitally-connected device. Ron's malfunctions set against the backdrop of the social media age launch them on a journey to learn about true friendship.",2021-10-13,Adventure Animation Comedy Family Sci-Fi,PG,107,23009270.0,37682752.0,60692022,7300225.0,20th Century Studios
Cloudy Mountain (2021),A father and son try to save a small town and its newly-built tunnel that is threatened by natural disasters.,2021-09-17,Action Adventure Drama,,114,,58348836.0,58348836,,
Avatar (2009),A paraplegic Marine dispatched to the moon Pandora on a unique mission becomes torn between following his orders and protecting the world he feels is his home.,2009-12-16,Action Adventure Fantasy Sci-Fi,PG-13,162,785221649.0,2138484377.0,2923710708,77025481.0,Twentieth Century Fox
Nobody (2021),"A docile family man slowly reveals his true character after his house gets burgled by two petty thieves, which, coincidentally, leads him into a bloody war with a Russian crime boss.",2021-03-18,Action Crime Drama Thriller,R,92,27568035.0,29942483.0,57510518,6820100.0,Universal Pictures
New Gods: Nezha Reborn (2021),"A normal young deliveryman Li Yunxiang, though coming from the slum area, is living a satisfying life but when the arrogant wealthy son of Boss beats him down, his deep anger turns into a blast of Truth Fire.",2021-02-11,Action Animation Fantasy,,118,,56088478.0,56088478,,
Upcoming (2021),"Chen Chen, a high school student, finds the love affair of her mother just before the college entrance exam and gets depressed. After the unsuccessful exam, Chen gets acquainted with Zheng Yu Xing, a handsome campus cyber celebrity, because of a lie. The two join hands to face growing pains, and witness growth and metamorphoses of each other, in the summer of their unsettled youth.",2021-07-30,Drama,,115,,54300000.0,54300000,,
Don't Breathe 2 (2021),"A blind war veteran trains his adopted daughter to face any danger, but they are ambushed when a vengeful stranger emerges from the past.",2021-08-12,Action Crime Horror Thriller,R,98,32712950.0,21072601.0,53785551,10622473.0,Screen Gems
Man in Love (2021),A small-time gangster clumsily attempts to court a girl he has a crush on. Can he win her over and leave the underworld behind?,2021-04-01,Drama Romance,,115,,52946097.0,52946097,,
Break Through the Darkness (2021),"Special anti-crime team head Song leads a crew to break into front line, start with the investigation of a land acquisition case, breakthrough blocks one by one. They expose criminal network of corrupt officials and vicious power, and keep justice standing at last.",2021-04-28,Drama,,112,,52700000.0,52700000,,
Schemes in Antiques (2021),"Adapted from Ma Boyong's novel of the same name, the film tells the story of a series of adventures that occurred when the descendants of the five veins made a wish to find out the truth about the Buddha head of Wu Zetian Mingtang in the Tang Dynasty.",2021-12-02,Action Adventure Comedy Crime Drama Mystery,,123,36501.0,51600921.0,51637422,36501.0,Well Go USA Entertainment
Luca (2021),"On the Italian Riviera, an unlikely but strong friendship grows between a human being and a sea monster disguised as a human.",2021-05-02,Adventure Animation Comedy Drama Family Fantasy,PG,95,1324302.0,49750471.0,51074773,,Walt Disney Studios Motion Pictures
Belfast (2021),A young boy and his working-class Belfast family experience the tumultuous late 1960s.,2021-11-12,Biography Drama,PG-13,98,9250870.0,39907839.0,49158709,1779410.0,Focus Features
My Hero Academia: World Heroes' Mission (2021),"When a cult of terrorists ruins a city by releasing a toxin that causes people's abilities to spiral out of control, Japan's greatest heroes spread around the world in an attempt to track down the mastermind and put him to justice.",2021-08-06,Action Adventure Animation Sci-Fi,PG-13,101,12271658.0,34668883.0,46940541,6255779.0,FUNimation Entertainment
The French Dispatch (2021),"A collection of stories published in ""The French Dispatch Magazine"" comes to life in a fictional twentieth century French city.",2021-10-21,Comedy Drama Romance,R,107,16124375.0,30209170.0,46333545,1348804.0,Searchlight Pictures
In the Heights (2021),"In Washington Heights, a sympathetic New York bodega owner saves every penny every day as he imagines and sings about a better life.",2021-06-10,Drama Musical Romance,PG-13,143,29975167.0,15200000.0,45175167,11504710.0,Warner Bros.
Love Will Tear Us Apart (2021),"Ten years ago, Lu Qinyang confessed his love for Ling Yiyao in front of the whole school. He promised to marry her in the future and never regret it.",2021-05-20,Romance,,105,,45060290.0,45060290,,
Spirit Untamed (2021),Lucky Prescott's life is changed forever when she moves from her home in the city to a small frontier town and befriends a wild mustang named Spirit.,2021-05-20,Adventure Animation Comedy Family Musical Western,PG,88,17716215.0,25001000.0,42717215,6101050.0,Universal Pictures
Resident Evil: Welcome to Raccoon City (2021),"Set in 1998, this origin story explores the secrets of the mysterious Spencer Mansion and the ill-fated Raccoon City.",2021-11-24,Action Horror Sci-Fi,R,107,17000612.0,24914303.0,41914915,5319280.0,Screen Gems
Spiral (2021),"In this new chapter from the Book of Saw, a detective and his partner investigate grisly murders that are eerily reminiscent of the past.",2021-05-12,Horror Mystery Thriller,R,93,23216862.0,17402058.0,40618920,8750034.0,Lionsgate
Snake Eyes (2021),"Snake Eyes, a tenacious loner, is welcomed into an ancient Japanese clan called the Arashikage, who teach him the ways of the ninja and provide him home. But when secrets from his past are revealed, his honor and allegiance will be tested.",2021-07-22,Action Adventure Crime Fantasy Sci-Fi Thriller,PG-13,121,28264325.0,11800000.0,40064325,13367853.0,Paramount Pictures
Tokyo Revengers (2021),"A middle-aged loser travels in time to his school years and, in order to save the love of his life from future doom, must become the leader of a dreaded school gang.",2021-07-09,Action Crime Drama Sci-Fi,,120,,39714624.0,39714624,,
Nightmare Alley (2021),A grifter working his way up from low-ranking carnival worker to lauded psychic medium matches wits with a psychologist bent on exposing him.,2021-12-17,Crime Drama Thriller,R,150,11338107.0,28291088.0,39629195,2811703.0,Searchlight Pictures
King Richard (2021),A look at how tennis superstars Venus and Serena Williams became who they are after the coaching from their father Richard.,2021-11-18,Biography Drama Sport,PG-13,144,15129285.0,24400000.0,39529285,5406033.0,Warner Bros.
Nomadland (2020),"A woman in her sixties, after losing everything in the Great Recession, embarks on a journey through the American West, living as a van-dwelling modern-day nomad.",2021-02-19,Drama,R,107,3700000.0,35758207.0,39458207,503000.0,Searchlight Pictures
Arashi Anniversary Tour 5 x 20 Film: Record of Memories (2021),"Captures the group in one of its last concerts on its 2018-2019 ""5×20"" anniversary tour.",2021-11-26,Music,,147,,38052695.0,38052695,,
The Yinyang Master (2021),"Adaption of the phenomenon-level mobile game ""Onmyoji"" - film version with the same name that will bring the magnificent oriental fantasy world to life.",2021-02-12,Action Adventure Drama Fantasy Romance,,113,,37690000.0,37690000,,
Rurouni Kenshin: Final Chapter Part I - The Final (2021),"Kenshin's past catches up to him causing the destruction of Akabeko Restaurant, which was Kenshin's favorite place to eat. There, he finds a note with the word ""Junchu"" on it.",2021-04-23,Action Adventure Drama History,,138,,36964978.0,36964978,,
The Door Lock (2021),"Beautiful young girl Fang lives alone in a modern city. Someone violently pulls her door lock one night, and the security tells later that the monitor of her floor does no work. Sleeping Fang is vaguely aware of someone's sneak-in.",2021-11-19,Crime Drama Thriller,,105,,36100000.0,36100000,,
We Made a Beautiful Bouquet (2021),A love story spanning 5 years between a man and a woman. A 22-year-old man and a 22-year-old woman both miss the last train at Meidaimae Station in Tokyo and meet there. Their relationship develops romantically.,2021-01-29,Drama Romance,,124,,35048735.0,35048735,,
Malignant (2021),"Madison is paralyzed by shocking visions of grisly murders, and her torment worsens as she discovers that these waking dreams are in fact terrifying realities.",2021-09-01,Crime Horror Mystery,R,111,13391791.0,21500000.0,34891791,5434620.0,Warner Bros.
Licorice Pizza (2021),"A young man and a young woman grow up, run around, and fall in love in the San Fernando Valley, 1973.",2021-11-26,Comedy Drama Romance,R,133,17318007.0,15958068.0,33276075,345157.0,United Artists Releasing
Respect (2021),"Following the rise of Aretha Franklin's career from a child singing in her father's church's choir to her international superstardom, RESPECT is the remarkable true story of the music icon's journey to find her voice.",2021-08-12,Biography Drama Music,PG-13,145,24278399.0,8604424.0,32882823,8807513.0,Metro-Goldwyn-Mayer (MGM)
Big Red Envelope (2021),A man hires an actress to join him in a fake marriage so that they can collect the money given to newlyweds as gifts during the wedding ceremony.,2021-01-22,Comedy,,122,,32800000.0,32800000,,
Masquerade Night (2021),An anonymous letter is delivered to the Tokyo Metropolitan Police Department. The letter states that a criminal of a murder case will appear at the countdown party Masquerade Night that will be held at Hotel Cortesia Tokyo.,2021-09-17,Crime Drama Mystery,,129,,32287400.0,32287400,,
Once Upon a Time in Hong Kong (2021),"Set in 1973, Hong Kong. The Hong Kong governor sets up Independent Commission Against Corruption to investigate and arrest the corrupted chief Chinese inspector Tsui Lok, and gang boss Crippled Ho.",2021-04-29,Action Crime History Thriller,,105,,32218874.0,32218874,,
Home Sweet Home (2021),"A story that follows a family of four leading harmonious and contented lives. When a mysterious visitor starts residing in their basement, their lives are turned upside down as strange events begin to occur.",2021-04-30,Drama Mystery Thriller,,111,,32178677.0,32178677,,
The Little Things (2021),A deputy sheriff and a sergeant search for a serial killer who's terrorizing Los Angeles.,2021-01-28,Crime Drama Mystery Thriller,R,128,15342746.0,15500000.0,30842746,4705527.0,Warner Bros.
The Unholy (2021),"A hearing-impaired girl is visited by the Virgin Mary and can suddenly hear, speak, and heal the sick. As people flock to witness her miracles, terrifying events unfold. Are they the work of the Virgin Mary or something much more sinister?",2021-04-02,Drama Horror Mystery Thriller,PG-13,99,15532137.0,15300000.0,30832137,3153456.0,Screen Gems
The Last Duel (2021),The Knight Jean de Carrouges must settle the dispute over his wife Marguerite by challenging his former friend to a duel to the death.,2021-10-13,Drama History Thriller,R,152,10853945.0,19698166.0,30552111,4759151.0,20th Century Studios
Escape from Mogadishu (2021),"In war-torn Somalia in 1991, the personnel and families of both the South Korean and North Korean embassies share the same goal: to escape from Mogadishu.",2021-07-28,Action Drama Thriller,,121,346271.0,29556445.0,29902716,112788.0,Well Go USA Entertainment
Master (2021),"An alcoholic professor is sent to a juvenile school, where he clashes with a gangster who uses the school children for criminal activities.",2021-01-13,Action Crime Drama Thriller,,179,,28692230.0,28692230,,
The Last Warrior: Root of Evil (2021),"After defeating evil in Belogorie, Ivan lives peacefully with modern comforts thanks to his Magic Sword. When an ancient threat emerges, he must journey beyond known lands with friends and rivals to save the magical realm.",2021-01-01,Adventure Comedy Family Fantasy,,121,,28357398.0,28367987,,
The Last Warrior: A Messenger of Darkness (2021),"Now that Ivan is about to turn 21, he is now grown up and finally old enough to marry the beautiful Vasilisa. But when Vasilisa is kidnapped and trapped in modern Moscow, Ivan and his friends must travel to the present day to rescue her.",2021-12-23,Adventure Comedy Family Fantasy,,108,,27190324.0,27190501,,
American Underdog (2021),"The story of NFL MVP and Hall of Fame quarterback Kurt Warner, who went from stocking shelves at a supermarket to becoming an American Football star.",2021-12-25,Biography Drama Romance Sport,PG,112,26514814.0,,26514814,5861836.0,Lionsgate
Chaos Walking (2021),Two unlikely companions embark on a perilous adventure through the badlands of an unexplored planet as they try to escape a dangerous and disorienting reality where all thoughts are seen and heard by everyone.,2021-03-04,Action Adventure Drama Fantasy Sci-Fi Western,PG-13,109,13287908.0,13220224.0,26508132,3775350.0,Lionsgate
The Courier (2020),Businessman Greville Wynne is asked by a Russian source to try to help put an end to the Cuban Missile Crisis.,2021-03-17,Drama History Mystery Thriller,PG-13,112,6613432.0,19387795.0,26001227,1885829.0,Roadside Attractions
Spencer (2021),"Diana Spencer, struggling with mental-health problems during her Christmas holidays with the Royal Family at their Sandringham estate in Norfolk, England, decides to end her decade-long marriage to Prince Charles.",2021-11-03,Biography Drama,R,117,7086632.0,18160335.0,25246967,2104767.0,Neon
Parallel Mothers (2021),The story of two mothers who bond in unexpected way after giving birth the same day.,2021-10-08,Drama,R,123,2297501.0,20802357.0,23099858,38249.0,Sony Pictures Classics
The Marksman (2021),A rancher on the Arizona border becomes the unlikely defender of a young Mexican boy desperately fleeing the cartel assassins who've pursued him into the U.S.,2021-01-15,Action Drama Thriller,PG-13,108,15566093.0,7510618.0,23076711,3104204.0,Open Road Films (II)
99.9 Criminal Lawyer: The Movie (2021),"Hiroto Miyama works with rookie lawyer Honoka Kono on a team that specializes with criminal cases for Madarame Law Firm. Atsuhiro Sada has become the director of the law firm. One day, the law firm receives a request about a case that took place 15 years ago. The case was about a poisonous wine incident.",2021-12-30,Comedy Crime Drama,,120,,23055069.0,23055069,,
Last Night in Soho (2021),"Aspiring fashion designer Eloise is mysteriously able to return to 1960s London, where she encounters dazzling wannabe singer Sandie. But the glamour is not as it seems, and the dreams of the past crack and splinter into something darker.",2021-10-27,Drama Horror Mystery Thriller,R,116,10127625.0,12830000.0,22957625,4178460.0,Focus Features
The Day We Lit Up the Sky (2021),"After the events of ""Run for Young,"" the location of the story switches to the old streets of Haikou and its unique architecture. The teenagers jump and cheer to the tune of youth that reverberates across day and night.",2021-07-17,Comedy Music,,108,,22500000.0,22500000,,
School of Magical Animals (2021),"Ida must transfer to a new school, where she soon realizes the students are unkind to each other. However, that all changes when a new teacher, Miss Cornfield, begins to educate them on the value of friendship and magic.",2021-12-16,Adventure Family Musical,PG,93,288414.0,21847520.0,22135934,144415.0,Blue Fox Entertainment
Kaamelott: First Installment (2021),"The sequel on the big screen to the cult series of Alexandre Astier, an offbeat version of the legend of the Knights of the Round Table. Hidden in Rome, King Arthur plans his comeback to oppose the army of his former friend Lancelot.",2021-07-21,Adventure Comedy Fantasy,,120,188000.0,21791122.0,21979122,188000.0,Paramount Pictures
After We Fell (2021),"Just as Tessa makes the biggest decision of her life, everything changes. Revelations about her family, and then Hardin's, throw everything they knew before in doubt and makes their hard-won future together more difficult to claim.",2021-09-01,Drama Romance,R,98,2170750.0,19582955.0,21753705,426457.0,Vertical Entertainment
Begin Again (2013),"A chance encounter between a down-and-out music business executive, and a young singer songwriter new to Manhattan, turns into a promising collaboration between the two talents.",2014-06-27,Comedy Drama Music Romance,R,104,16170632.0,68690995.0,84862071,134064.0,The Weinstein Company
Rurouni Kenshin: Final Chapter Part II - The Beginning (2021),"Before becoming a protector, Kenshin is a fearsome assassin known as Battosai, but his story changes when he meets the gentle Tomoe Yukishiro.",2021-06-04,Action Adventure Drama History Romance,,137,,21318560.0,21318560,,
Crayon Shin-chan: Shrouded in Mystery! The Flowers of Tenkazu Academy (2021),When the five visit a private academy Kazama is attacked. He is left with reduced intelligence and strange bite marks. Now available on DVD and BluRay in Japan in the original Japanese audio.,2021-07-30,Action Adventure Animation Comedy Mystery,,104,,21197217.0,21197217,,
Wish Dragon (2021),Determined teen Din is longing to reconnect with his childhood best friend when he meets a wish-granting dragon who shows him the magic of possibilities.,2021-01-15,Adventure Animation Comedy Family Fantasy Romance,PG,98,,21120000.0,21120000,,
Stillwater (2021),"A father travels from Oklahoma to France to help his estranged daughter, who is in prison for a murder she claims she didn't commit.",2021-07-30,Crime Drama Mystery Thriller,R,139,14465535.0,5288737.0,19754272,5188150.0,Focus Features
The Wolf and the Lion (2021),A wolf pup and a lost lion cub are rescued by a girl in the heart of the Canadian wilderness. Their friendship will change their lives forever.,2021-10-13,Adventure Drama Family,PG,99,2072173.0,17438405.0,19510578,641845.0,Blue Fox Entertainment
Les Tuche 4 (2021),"After having resigned from his post as President of the Republic, Jeff and his family are happy to be back in their village of Bouzolles. As the end of the year holidays approach, Cathy asks for a unique gift: to reconnect with her sister Maguy, and her husband Jean-Yves, with whom Jeff has been angry for 10 years. The reconciliation could have gone smoothly, except that during a lunch, Jeff and Jean-Yves, will once again find a subject of contention: CHRISTMAS. This family feud, which should never have left Bouzolles, will turn into a standoff between Jeff and a giant of Internet distribution.",2021-12-08,Comedy,,101,,19259766.0,19259766,,
Dear Evan Hansen (2021),"Film adaptation of the Tony and Grammy Award-winning musical about Evan Hansen, a high-school senior with social anxiety disorder, and his journey of self-discovery and acceptance after a classmate's suicide.",2021-09-24,Drama Musical,PG-13,137,15002646.0,4130808.0,19133454,7443830.0,Universal Pictures
Those Who Wish Me Dead (2021),A teenage murder witness finds himself pursued by twin assassins in the Montana wilderness with a survival expert tasked with protecting him -- and a forest fire threatening to consume them all.,2021-05-05,Action Drama Thriller,R,100,7407200.0,11700000.0,19107200,2831382.0,Warner Bros.
The Pioneer (2021),"Set in April, 1927. The last days and hours of Dazhao Li, one of the founders of the Chinese Communist Party, before he is executed by a warlord's team.",2021-07-01,Drama History,,121,,18900000.0,18900000,,
The Green Knight (2021),A fantasy retelling of the medieval story of Sir Gawain and the Green Knight.,2021-07-30,Adventure Drama Fantasy,R,130,17173321.0,1714632.0,18887953,6790917.0,A24
Antlers (2021),"In an isolated Oregon town, a middle-school teacher and her sheriff brother become embroiled with her enigmatic student, whose dark secrets lead to terrifying encounters with an ancestral creature.",2021-10-27,Drama Horror Mystery,R,99,10619670.0,8247989.0,18867659,4271346.0,Searchlight Pictures
Sinkhole (2021),A working class family move into a new condo purchased after 11 years of hard work. They throw a housewarming party to show his co-workers when overnight a heavy downpour creates an extremely deep sinkhole that engulfs the entire building.,2021-08-11,Comedy Drama,,117,,18816801.0,18816801,,
Mobile Suit Gundam: Hathaway (2021),"Hathaway Noa, still haunted by his past actions, joins a terrorist organization called Mufti and adopts the alias ""Mufti Nabiyy Erin"". Mufti is fighting a terrorist campaign against the Earth Federation government.",2021-06-11,Action Animation Drama Romance Sci-Fi,,95,,18731309.0,18731309,,
The Stronghold (2020),"A police brigade working in the dangerous northern neighborhoods of Marseille, where the level of crime is higher than anywhere else in France.",2021-08-18,Action Crime Drama Thriller,,105,,18066143.0,18066143,,
"Dad, I'm Sorry (2021)","Ba Sang makes daily sacrifices to support his dysfunctional family, which includes his siblings and his YouTuber son.",2021-03-03,Comedy Drama Family,,128,350000.0,17130489.0,17480489,350000.0,3388 Films
Gintama: The Final (2021),The concluding movie to the Gintama anime series.,2021-01-08,Action Animation Comedy Fantasy Sci-Fi,,104,,17245887.0,17245887,,
Railway Heroes (2021),"The historical story of an enemy fighting the wits and courage of an extraordinary brave group of ordinary heroes known as the ""Lunan Railway Brigade"" who desperately fight to defend their homeland.",2021-11-19,Drama History War,,124,,17223704.0,17223704,,
Your Turn to Kill (2021),"Newlyweds Nana and Shota Tezuka move into an apartment. Two situations, different from the drama series, take place: ""What if Shota attends the resident's meeting and not Nana?"" and ""What if exchange murder game doesn't begin?""",2021-12-10,Drama Mystery,,142,,16511822.0,16511822,,
Cry Macho (2021),"A one-time rodeo star and washed-up horse breeder takes a job to bring a man's young son home and away from his alcoholic mom. On their journey, the horseman finds redemption through teaching the boy what it means to be a good man.",2021-09-16,Drama,PG-13,104,10310734.0,6200000.0,16510734,4426161.0,Warner Bros.
Reminiscence (2021),"Nick Bannister, a private investigator of the mind, navigates the alluring world of the past when his life is changed by new client Mae. A simple case becomes an obsession after she disappears and he fights to learn the truth about her.",2021-08-19,Mystery Romance Sci-Fi Thriller,PG-13,116,3900193.0,12500000.0,16400193,1950793.0,Warner Bros.
Legend No. 17 (2013),"Biopic of Russian ice hockey legend Valeri Kharlamov from early childhood, rising to the pinnacle of the sport and his untimely death.",2021-12-03,Biography Drama Sport,,134,,16096860.0,16096860,,
Upon the Magic Roads (2021),"Foal and his friend John go on an unforgettable journey as they outsmart the tyrant King, catch the fire-bird and find John's true love upon the magic roads.",2021-02-18,Adventure Fantasy,PG,111,,15990882.0,15990882,,
Harry Potter and the Sorcerer's Stone (2001),"An orphaned boy enrolls in a school of wizardry, where he learns the truth about himself, his family and the terrible evil that haunts the magical world.",2001-11-16,Adventure Family Fantasy,PG,152,318886962.0,709408841.0,1028492855,90294621.0,Warner Bros.
The Dry (2020),Aaron Falk returns to his drought-stricken hometown to attend a tragic funeral. But his return opens a decades-old wound - the unsolved death of a teenage girl.,2021-01-01,Crime Drama Mystery Thriller,R,117,364237.0,15212049.0,15576286,119364.0,IFC Films
The Night House (2020),A widow begins to uncover her recently deceased husband's disturbing secrets.,2021-08-18,Horror Mystery Thriller,R,107,7100581.0,8337122.0,15437703,2859409.0,Searchlight Pictures
Drive My Car (2021),A renowned stage actor and director learns to cope with a big personal loss when he receives an offer to direct a production of Uncle Vanya in Hiroshima.,2021-08-18,Drama,,179,2352240.0,13005099.0,15357339,13775.0,Janus Films
Minari (2020),"A Korean American family moves to an Arkansas farm in search of its own American dream. Amidst the challenges of new life in the strange and rugged Ozarks, they discover the undeniable resilience of family and what really makes a home.",2021-02-11,Drama,PG-13,115,3110580.0,12177998.0,15288578,193460.0,A24
Something About Love (2021),Opposites Isa and Ruben are blissfully in tune and in love with each other--until Mr. Perfect steps into Isa's life.,2021-07-01,Comedy Romance,,105,,15204017.0,15204017,,
Anita (2021),"Traces the life of Anita Mui, Hong Kong's legendary Cantopop star.",2021-11-11,Biography Drama History Music,,137,556632.0,14460838.0,15017470,82421.0,CMC Pictures
And So the Baton Is Passed (2021),"Yuko Morimiya is a high school student and she lives with her stepfather Morimiya. Morimiya is her third father. Her mother, Rika, is a free spirited person and has remarried several times. She disappeared from Yuko's life at a certain point. Even though Yuko and her stepfather are not blood related, she is fully loved by her him.",2021-10-29,Drama,,137,,14403588.0,14403588,,
The Tomorrow War (2021),A family man travels to the year 2051 to join a global war against a deadly alien species.,2021-09-03,Action Adventure Drama Sci-Fi Thriller,PG-13,138,,14400000.0,14400000,,Paramount Pictures
Sword Art Online: Progressive - Aria of a Starless Night (2021),"High school student Asuna struggles to survive with a young swordsman after its revealed that she is trapped inside the game of Sword Art Online, where if your HP drops to zero, your brain will be destroyed in real life.",2021-10-30,Action Adventure Animation Fantasy Sci-Fi,,97,1050000.0,12982747.0,14032747,1050000.0,FUNimation Entertainment
Christmas with the Chosen: The Messengers (2021),"Artists perform new and classic Christmas songs from the set of ""The Chosen.""",2021-12-01,Music,,123,13728000.0,,13728000,4245000.0,Fathom Events
Eiffel (2021),"The government is asking Eiffel to design something spectacular for the 1889 Paris World Fair, but Eiffel simply wants to design the subway. Suddenly, everything changes when Eiffel crosses paths with a mysterious woman from Arun's past.",2021-09-16,Biography Drama History Romance,R,108,444814.0,13129109.0,13573923,42394.0,Blue Fox Entertainment
OSS 117: From Africa with Love (2021),The third entry in secret agent OSS 117's parodic spy adventures.,2021-08-04,Action Comedy,,117,,13457801.0,13457801,,
Hostage: Missing Celebrity (2021),"When famous actor, Hwang Jung-min, is kidnapped and it is broadcast around the world, we will see how far his captors are willing to go for their money - and their message.",2021-08-18,Action Crime Drama Thriller,,94,,13174292.0,13174292,,
Vakeel Saab (2021),Three girls find themselves accused of attempt to murder after escaping molestation. Their only hope is an alcoholic lawyer who agrees to take up the case.,2021-04-08,Action Drama Thriller,,153,,13056490.0,13056490,,
The Many Saints of Newark (2021),"As rival gangsters begin to rise up and challenge the all-powerful DiMeo crime family's hold over the increasingly race-torn Newark, a young Tony Soprano is influenced by his uncle to become a all-powerful mob boss.",2021-09-24,Crime Drama,R,120,8237403.0,4800000.0,13037403,4651571.0,Warner Bros.
The Monkey King: Reborn (2021),"A long, long time ago, devils were rampant in East-land. Master Tang, who was second apprentice of Buddha Rulai in his previous life, swore to Leiyin Temple in West to fetch scriptures to purify East-land.",2021-04-02,Action Animation Fantasy,,95,,13017088.0,13017088,,
No Escapes (2020),A heroic story about firefighters and rescuers. What some may call an act of bravery is an ordinary day for them.,2021-03-17,Action Drama,,131,,12916151.0,12916151,,
The Bodin's in the Land of Smile (2021),Christian Bodin and his mother Maria Bodin are set on an adventure for the Land of Smiles. They meet many zany characters and face several obstacles along their journey in Thailand.,2021-11-17,Comedy,,98,,12872253.0,12872253,,
The Worst Person in the World (2021),"The chronicles of four years in the life of Julie, a young woman who navigates the troubled waters of her love life and struggles to find her career path, leading her to take a realistic look at who she really is.",2021-10-13,Comedy Drama Romance,R,128,3034775.0,9652732.0,12687507,138424.0,Neon
Character (2021),"A kind man aspires to become a comic creator, but villains and evil deeds do not come easily to him. Things take a surprise turn when he comes across a family who were described as idealized that are no more.",2021-06-11,Crime Drama Mystery Thriller,,125,,12628017.0,12628017,,
On Your Mark (2021),A boy diagnosed with multiple sclerosis achieves his dream of running a marathon with the help of his taxi driver dad and his tough coach.,2021-06-18,Comedy Drama Sport,,104,,12100000.0,12100000,,
On the Line (2021),"Seo-joon, loses everything to voice phishing and infiltrates an organization in China to meet Kwak Pro, the designer behind this phishing system.",2021-09-15,Action Crime Drama,,109,,12058986.0,12058986,,
Stand by Me (2019),"To what extent would you be willing to do for the girl you love? Jiu Bing has been stuck in the friend zone with Bo He since he was twelve. Even though he tries everything to win her heart, he fails in crossing the line. When working as a part-time pacer, Jiu Bing meets Xia Tian. They later become internet celebrities by accident. After putting Bo He first for a long time, Jiu Bing gradually realizes what role he plays in Bo He's life, and finally finds where his heart belongs.",2021-09-09,Comedy Romance,,103,,11900000.0,11900000,,
The Fable: The Killer Who Doesn't Kill (2021),"Following his boss's order, Akira lives peacefully with his trusted partner, Yoko, as ordinary siblings. Akira still works part-time at the design company Octopus, but the CEO and employee are unaware of Akira's background as an assassin.",2021-06-18,Action Comedy Mystery Thriller,,133,,11325545.0,11325545,,
What Did You Eat Yesterday? (2021),Shiro Kakei lives with his boyfriend Kenji Yabuki. Shiro works as an attorney and cooks well. He is meticulous and also thrifty. Kenji is a hairdresser with a good personality.,2021-11-03,Comedy Drama Romance,,120,,11320893.0,11320893,,
Aline (2020),"With the support of her family and the man she loves, the 14th child of a modest family will become the most famous singer in the world.",2021-11-10,Biography Comedy Drama Music,PG-13,126,667815.0,10482128.0,11149943,164087.0,Roadside Attractions
Krack (2021),"Krack is a action entertainer based on real incidents, Ravi Teja plays a tough and fierce police officer who doesn't think twice before bashing up anyone. Loaded with deadly goons, high-octane action, chase sequences and captivating dialogues, Krack promises to be a full-blown entertainer.",2021-01-10,Action Drama,,154,,10435375.0,10435375,,
Realm of Terracotta (2021),"It tells the tale of a young girl named Jade and a terracotta warrior named Magnus who must team up to fight the creatures that keep attacking their Qin dynasty underground city, and who eventually fall in love.",2021-07-09,Action Adventure Animation Fantasy,PG,111,,10363914.0,10363914,,
Kaiserschmarrndrama (2021),"A homicide in the little Bavarian village of Niederkaltenkirchen, relationship problems, and a lot of Bavarian charm.",2021-08-05,Comedy Crime,,96,,10357720.0,10357720,,
"Caution, Hazardous Wife: The Movie (2021)",From a TV serial superspy Nami becomes amnesiac and joins her partner investigating dastardly Russians and corrupt corporations. The climax on a research ship ties the show together wonderfully. Is Nami really amnesiac? Watch it.,2021-03-19,Action Adventure Drama,,119,,10356359.0,10356359,,
Detective Conan: The Scarlet Alibi (2021),Compilation film combining footage from various television anime episodes that center on the Akai family.,2021-02-11,Animation Crime Mystery,,93,,10308627.0,10308627,,
Never Stop (2021),"Tianyi Wu, a young running champion, returns to his hometown, aiming to get off his chest the failure to surpass his former teammate, Chaoyue Hao. But he doesn't expect to see that Chaoyue's life is in shambles as well.",2021-06-10,Drama Sport,,98,,10224935.0,10224935,,
Ainbo (2021),"An epic journey of a young hero and her Spirit Guides, ""Dillo"" a cute and humorous armadillo and ""Vaca"" a goofy oversized tapir, who embark on a quest to save their home in the spectacular Amazon Rainforest.",2021-02-12,Adventure Animation Comedy Family Fantasy,,84,,10172403.0,10172403,,
Eiga Sumikkogurashi: Aoi tsukiyo no mahô no ko (2021),,2021-11-05,Animation Family Fantasy,,65,,10001726.0,10001726,,
Black Box (2021),A young and talented black box analyst is on a mission to solve the reason behind the deadly crash of a brand new aircraft.,2021-09-08,Drama Mystery Thriller,,129,,9738741.0,9738741,,
The Soul (2021),"The founder of a corporation developing a futuristic cancer treatment is brutally murdered, and a prosecutor sidelined by the illness asks to lead the case, assisted by his newly pregnant detective wife.",2021-01-15,Drama Horror Mystery Sci-Fi Thriller,,130,,9600000.0,9600000,,
¡A todo tren! Destino Asturias (2021),"Ricardo is the chosen parent to take all the kids to a camp by train. On a stop, Ricardo and grandpa Felipe take an outdoors smoke-break, and the train leaves, with the children but without the grown-ups, setting off a hilarious chase.",2021-07-09,Comedy,,90,,9544171.0,9544171,,
Baragaki: Unbroken Samurai (2021),"Set in the 19th century, ""Moeyo Ken"" follows the life of Toshizo Hijikata. He was the vice-commander of the Shinsengumi and fought against the Meiji Restoration.",2021-10-15,Action Drama History,,148,,9481437.0,9481437,,
Dad (2021),"This is the story of the protagonist's eventful journey to his Dad, a typical Russian peasant who became a father at the dawn of the 1990s and raised his son according to all-Soviet traditions.",2021-11-20,Comedy Drama Romance,,76,,9267397.0,9267397,,
The Lord of the Rings: The Fellowship of the Ring (2001),A meek Hobbit from the Shire and eight companions set out on a journey to destroy the powerful One Ring and save Middle-earth from the Dark Lord Sauron.,2001-12-19,Adventure Drama Fantasy,PG-13,178,319372078.0,568468333.0,888483037,47211490.0,New Line Cinema
All About My Mother (2021),"Peizhen Ji, the mother of Xiaomei Li, was the center of the entire family, who took care of everybody. Their seemingly perfect life was not what it looks like. Xiaomei Li worked in Beijing with problems of her own, tired of mom trying to control her life. Wenfang, Li, Peizhen's husband was a doctor who had to work in the emergency room, unable to continue his career of a surgeon due a malpractice case. Her mother-in-law suffered from severe Alzheimer's disease and was dependent on Peizhen's care for daily activities. Finally Penzhen retired from her teacher's job, however she was diagnosed with late stage cancer, with only four months to live..",2021-09-17,Drama,,120,,8900000.0,8900000,,
The Eleventh Chapter (2019),A man must attempt to clear his name after a theatre puts on a play that accuses him of committing a 30-year-old murder.,2021-04-02,Comedy Drama,,115,,8844997.0,8844997,,
The Medium (2021),A horrifying story of a shaman's inheritance in the Isan region of Thailand. What could be possessing a family member might not be the Goddess they make it out to be.,2021-07-14,Drama Horror Mystery,,130,,8978525.0,8978525,,
The Vault (2021),Follows a genius engineering graduate who is interested in the Bank of Spain's safe.,2021-03-04,Action Thriller,R,118,,8803864.0,8803864,,
Kaguya-sama: Love Is War (2019),"A high school girl and boy are part of the student council at a pricey school. They have a crush on one another, but have kept it under wraps so far. With awareness and an inkling of what the other one feels for each the challenge becomes to make the opposite side profess his or her love first.",2020-09-11,Comedy Drama Romance,,113,,8794981.0,8794981,,
Moonbound (2021),A young boy embarks on an intergalactic mission to save his little sister from the clutches of a vengeful man on the moon.,2021-07-08,Adventure Animation Comedy Family Fantasy Sci-Fi,PG,85,,8763611.0,8763611,,
The Protégé (2021),"Rescued as a child by the legendary assassin Moody, Anna is the world's most skilled contract killer. However, when Moody is brutally killed, she vows revenge for the man who taught her everything she knows.",2021-08-19,Action Crime Thriller,R,109,7446823.0,1290430.0,8737253,2908221.0,Lionsgate
Lost Illusions (2021),"Lucien de Rubempré, a young, lower-class poet, leaves his family's printing house for Paris. Soon, he learns the dark side of the arts business as he tries to stay true to his dreams.",2021-10-20,Drama Romance,,149,126391.0,8508793.0,8635184,15182.0,Music Box Films
Agent Backkom: King's Bear (2021),The continuing adventures of Backkom Bear as he tries to become a top class secret agent.,2021-07-23,Animation,,95,,8617163.0,8617163,,
Pil's Adventures (2021),A spunky young girl disguises herself as a princess in order to save the kingdom and the heir to the throne.,2021-08-11,Adventure Animation Family Fantasy,PG,89,,8591129.0,8591129,,
Honey Lemon Soda (2021),A shy schoolgirl meets a laid-back boy with lemon-yellow hair.,2021-07-09,Comedy Drama Romance,,111,,8441488.0,8441488,,
Delicious (2021),"France, 1789, just before the Revolution. With the help of a surprising talented young woman, a chef who has been sacked by his noble master finds the strength to free himself from his position as a servant and opens the first ever restaurant.",2021-09-08,Comedy Drama History,,112,,8371523.0,8371523,,
I Don't Have Any Money Left in My Retirement Account (2021),"Atsuko and Akira are a husband and wife duo with a daughter and a son. Atsuko is in charge of the retirement finances. She saves from money given to her by her husband and also earns money herself by working part-time. She stretches every yen by leading a frugal life. yet, expenses come up. These include their daughter's upcoming wedding and the funeral expenses of the husband's father. Then, and at exactly the worst time, the couple finds itself unemployed.",2021-10-30,Comedy Drama Family,,115,,8204616.0,8204616,,
Girls to Buy (2021),"It follows a young woman who becomes an escort as a way of getting out of her small town, but she soon discovers she has no control over her situation.",2021-11-26,Action Crime Drama Thriller,,146,,8177284.0,8177284,,
Green Snake (2021),Animated adaptation of the classic Chinese folktale. Sequel to the 2019 film 'White Snake'.,2021-07-23,Action Adventure Animation Fantasy,,131,,8170000.0,8170000,,
New Happy Dad and Son 4 (2021),,2021-07-09,Animation,,80,,8070000.0,8070000,,
Sunny Sisters (2021),A group of seven friends from high school reunite after 24 years upon learning that their leader has been diagnosed with cancer.,2021-06-11,Comedy,,118,,7880000.0,7880000,,
Contra (2020),A university professor's ignorance is exposed when he must prepare a student for a debate.,2021-10-28,Comedy,,108,,7762797.0,7762797,,
Hard Hit (2021),,2021-06-23,Short Thriller,,15,,7658021.0,7658021,,
Little Canned Men (2021),"Pipilu and Lu Xixi are twin brothers and sisters. Lu Xixi has excellent grades and Pipiru is naughty and playful. One day Lu Xixi found a strange can at home. In the can, five little people with only a matchstick appeared. Lu Xixi named them Doctor, Captain, Artist, Singer, and Diplomat. Pipiru and Rusisi, the brothers and sisters, after getting acquainted with the five canned people, their study and life have undergone earth-shaking changes, and they have started a series of fantasy adventures.",2021-09-30,Comedy Fantasy,,94,,7600000.0,7600000,,
Pushpa: The Rise - Part 1 (2021),"A labourer rises through the ranks of a red sandalwood smuggling syndicate, making some powerful enemies in the process.",2021-12-16,Action Crime Drama Thriller,,179,1320000.0,6272374.0,7592374,1320000.0,Hamsini Entertainment
The Mauritanian (2021),Mohamedou Ould Slahi fights for freedom after being detained and imprisoned without charge by the U.S. Government for years.,2021-02-12,Biography Drama Thriller,R,129,836536.0,6690494.0,7527030,163789.0,STX Entertainment
The Ice Road (2021),"After a remote diamond mine collapses in far northern Canada, a 'big-rig' ice road driver must lead an impossible rescue mission over a frozen lake to save the trapped miners.",2021-06-18,Action Adventure Thriller,PG-13,109,,7502846.0,7502846,,
Judas and the Black Messiah (2021),"Offered a plea deal by the FBI, William O'Neal infiltrates the Illinois chapter of the Black Panther Party to gather intelligence on Chairman Fred Hampton.",2021-02-12,Biography Drama History,R,126,5478009.0,2000000.0,7478009,2027076.0,Warner Bros.
Love Letter (1995),"After losing her fiance in a fatal mountain-climbing incident, Hiroko was devastated. She comes across his childhood address in a school yearbook and impulsively writes to him. But what happens when she receives a reply?",1998-06-12,Drama Romance,PG,117,4900.0,7854754.0,7859654,,
